d_alt,d_downrange,d_crossrange,d_speed,d_fpa,d_heading,d_prop,k_dry,k_thrust,k_isp,k_cd,k_rho,wind_surface,wind_jet,wind_dir,wind_veer,wind_jet_alt,wind_fc_scale,wind_fc_dir,d_rate_x,d_rate_y,d_rate_z,lateral_error_m,fin_roll_deg,vertical_error_m,horizontal_speed_ms,vertical_speed_ms,tilt_deg,body_rate_deg_s,ok_lateral_error_m,ok_fin_roll_deg,ok_vertical_error_m,ok_horizontal_speed_ms,ok_vertical_speed_ms,ok_tilt_deg,ok_body_rate_deg_s,caught,prop_left_t,ignition_t,ignition_alt,ignition_speed,handover_t,handover_alt,flight_time,apogee_km,ground_contact,max_tilt_landing,max_throttle_landing,ignition_x,ignition_y,bb_yaw_deg,bb_resolves,runtime_s,case
0.0,0.0,0.0,0.0,0.0,0.0,0.0,1.0,1.0,1.0,1.0,1.0,0.0,0.0,0.0,0.0,11000.0,1.0,0.0,0.0,0.0,0.0,0.09613370403968897,0.0,0.008449222002866463,0.000280776419481798,0.5037144320311137,0.060034635325221186,0.05811280632635476,True,True,True,True,True,True,True,True,67.38721231779247,261.85799141049034,1398.7092256048643,312.71566826779053,268.21799141048456,324.04400661249565,285.83799141046853,110.2272214430362,False,12.438414618006048,0.7759649272453373,212.82901368476183,-0.01113998144383039,0.0,6,27.4143807888031,0
152.35853987721566,-1039.9841062404955,125.0751993010762,9.405647163912139,-0.9755175943269182,-0.21702991781038633,-4265.2196378679,1.0043969898743141,1.0077779193542895,1.0004402046504082,1.0563620603484016,1.0124669157933879,2.7268646614173226,33.27508722095009,0.40097564589827117,0.5146418415094549,12158.321995610324,0.9815137636454739,-3.404647722019707,0.021306733861214226,-0.05270709872393037,-0.002800192917381466,0.10332823231391189,3.27007566741586e-05,0.009604101902752404,0.0021512096630761594,0.4626726804600997,0.0533922463318431,0.062307198726440534,True,True,True,True,True,True,True,True,63.97787157402504,261.55948300378344,1272.3363215545264,291.59000449668173,267.539483003778,324.4586063190456,285.27948300376187,108.7987224323186,False,12.950444776283355,0.8512913754613637,191.5250030802364,-1.6696447804742816,0.10416643039397336,6,28.177745819091797,1
611.2706693370151,-154.52948206880217,-71.38797036051787,-3.5213355048822956,0.26615459277667436,0.06090734406067972,-2032.075081923078,0.9974387863546423,0.9918622727175213,1.0041065294838367,1.0564486146360446,0.9969614011292033,5.708459114711205,13.614560943053046,4.208565449932414,-0.09872153498145053,13163.390980289187,0.8828804829637463,2.7157713415259748,0.06878876859933139,0.07180350050131379,0.35694126681174354,0.15166875999636875,0.00029446404278113576,0.010544272874497551,0.019978966094061027,0.5453049762597384,0.22998109117312385,0.025167142058193252,True,True,True,True,True,True,True,True,70.31632062529457,264.1512136770443,1342.7786286125647,301.8456839741226,270.37121367703867,324.1983388277278,287.85121367702277,111.1869341613164,False,11.755414413467749,0.7852577495658958,199.31719654641694,-1.965119930436214,-0.04190865067985625,6,27.65474247932434,2
-332.7548536443471,232.16132306671977,19.447634856788035,2.1868859672901295,0.4357143889740949,0.03726592479578038,3156.4411291927017,0.9927142209007217,0.996803287836427,0.9968641823047147,0.9680561075878329,0.9926628733006218,1.3743608824316813,40.1041777074283,2.959984760706576,0.10247263643505211,12824.994287080128,1.0162753065105006,2.9311116567963906,0.11315226051198247,0.011263178248148577,0.04818656644833069,0.18796641903752137,7.393896667355496e-06,0.011578372269568149,0.001244127757554186,0.4654045221050629,0.11225702832602417,0.09725024976418122,True,True,True,True,True,True,True,True,68.36070046356306,262.0749279391227,1474.634260497906,327.5807726765207,268.6349279391167,324.243381104927,286.3349279391006,110.86991701825546,False,14.558810936544276,0.8060777901787072,241.05299108554934,1.2331824571044938,-0.004845352541887473,6,27.87760877609253,3
355.6132898964275,793.3472351999252,-58.120845374739595,-4.623517926645672,0.4289879406285769,-0.03188405414693581,2485.80372026882,1.0007121286803529,1.0069048535406777,0.9971516490244231,1.0079269845538357,1.0166824105057957,4.876642337280846,48.84122307996208,1.049121797060959,-0.7497221223448832,9450.239303878208,0.880416035441096,2.434862403927909,-0.21261438722298698,-0.18888120233391342,-0.15324204766693522,0.19426193986485027,0.00018379745896668074,0.008783750673870827,0.007327952849536119,0.44919601827308364,0.15163171883851187,0.09494811689821557,True,True,True,True,True,True,True,True,68.90840005763907,264.50215701912674,1370.3722995169564,305.71456492511396,270.842157019121,324.6668082521473,288.6421570191048,111.56236987760626,False,14.725847707734195,0.8247892473532327,211.7879332842089,-4.597013444290161,0.026074500721718005,6,28.28822898864746,4
-234.70117010136192,12.494118727687429,80.12444315098482,4.465311760299441,0.3326925544863931,-0.016414247418237268,-7235.562362115436,0.993386501938228,0.9900275317239852,1.0026651615114897,0.9547260472319969,0.9899156652256162,11.630116528172687,46.725054237947674,4.504353903384995,-0.07954276642694802,10361.207809225794,0.9049977945089419,-1.6951653795028123,-0.07054971867402562,-0.013286368484399841,-0.2812224056596716,0.11154933689755431,0.0003497732554948792,0.011670912090480101,0.21791033720847178,0.5267160300089356,0.2149633933966545,0.03144940384738982,True,True,True,True,True,True,True,True,64.4631966946493,262.1065301903918,1481.0610681672229,329.752620423422,268.7065301903858,324.4957911737958,286.2265301903699,111.0101777642563,False,17.2788995004863,0.8832005684262046,232.765481013265,8.545946528326956,-0.04720613996408685,6,27.55062437057495,5
420.1540687286978,-1727.3204231923487,72.40394059097622,2.377356023322779,-0.2970749778483972,-0.24100964239807576,109.2607276172144,1.0080088944566046,0.9976064437252697,0.9931766833825209,1.0089637817478159,1.005866578239247,5.927889830934227,19.79167273996712,0.9080722600151934,-0.6229731615191729,11938.22286088856,0.9360248467250252,-4.632879707027625,0.012021584618978252,-0.08824878484396706,0.03877936855911732,0.276293989653305,0.00012204783114279477,0.011717968032073145,0.015511184581288213,0.5628537049557125,0.16896605720560692,0.06620553106277637,True,True,True,True,True,True,True,True,65.21147675942404,261.44696494646786,1360.1521332531006,306.00235243207277,267.6669649464622,323.912485462073,285.08696494644636,109.91431335169035,False,13.837704103389848,0.8068109454991618,209.0615616169351,3.487549702309815,0.08406268284932153,6,27.645294904708862,6
-194.90490157788398,-1376.6861475563087,105.85849113573404,-2.222226970987734,-0.7354031472513289,-0.1692631802012569,14569.312330036648,1.00207204716638,0.9901046187996814,0.9857863581284579,1.0133855731171917,0.9783215707917247,6.248068829658454,26.3346876183028,0.13579270276168368,0.5125381559873361,13480.803859198833,0.9841365162961312,-5.178268764129058,0.05225230790836588,0.13968776131573019,0.3327884819486311,0.1671203909709249,7.525810083501302e-05,0.01549440661402457,0.004370071320502478,0.5673557925028568,0.10558210518626675,0.04762624774231812,True,True,True,True,True,True,True,True,68.89834843741122,256.5427100171342,1416.5804694559097,313.5873319773771,262.9427100171284,323.7344655437525,280.3027100171126,107.35348851699035,False,12.944715007642658,0.8514733172232929,214.81481788055186,2.016566152494082,0.08026705048632261,6,27.552919149398804,7
-837.3414723521785,-486.3079090733309,-8.963758469720082,17.67929913579883,0.06513726073644292,0.16378991850384292,-3626.1303226787663,1.0106423486621758,0.9917861332077561,1.005589928024909,0.9548536410956487,1.0248419470099799,3.4910140576814235,30.90342775390287,1.6082760962052536,0.6849356381554448,9823.03908791009,0.954501651965922,-6.128028818836241,-0.08321593308985867,-0.19749062773617077,-0.1608527937053953,0.2701565837038727,0.0002590777501160981,0.015564680734996728,0.016570868270163006,0.6134870356649575,0.15577187395591965,0.059352221272226,True,True,True,True,True,True,True,True,64.6471947792038,261.94205978034586,1410.0176602605654,318.5348866179082,268.2420597803401,323.77463012491404,285.48205978032445,110.007009519766,False,15.207639162310032,0.8125523481251409,229.5839360778579,-11.699692168179288,-0.008526156718013076,6,26.975481748580933,8
-638.9687871598096,172.58791772211947,263.1818760684058,1.5999161357343825,-0.05931916305494128,0.047637689933757145,5531.443550299444,1.002143782192308,1.01535755991996,1.0012215629148127,0.938776548413975,0.9635157546867823,1.4730951889378323,49.86676032749437,0.9631137660360846,-0.5038041634325361,11996.913957604218,0.8892954317956512,-4.473635094779132,0.21766695695113747,0.036563750227309386,-0.06848787180562285,0.03968756229459008,1.5579907034325894e-05,0.006763518630791054,0.0032812376550803235,0.40100290028078617,0.03150604243679843,0.048075532061552476,True,True,True,True,True,True,True,True,65.45125961396128,258.88424750722226,1595.8137219903356,348.1910006199025,265.764247507216,324.51720639726915,283.74424750719965,109.72033069851243,False,12.40778618406938,0.7680535941869127,244.0695595766791,-0.9603257856636005,0.05193892207616107,6,28.161415576934814,9
321.6633973445222,-394.6051228595896,-0.853644453345216,-1.6344289852451257,0.16878727439946678,0.2345803102189528,-243.59200965058974,0.9957838486485356,0.9878118693957637,0.9941456508871417,0.9832938279649595,1.0244240677961602,8.8678080469865,7.863465093438795,0.7775680808034326,0.6716136845960778,10987.890969124703,0.9672326905638039,5.013789126523021,0.015097484483624257,0.10732313221280965,-0.34169535017183705,0.4008792958333235,0.0001576732933876263,0.01163551987551159,0.057946962604511876,0.5637068338535315,0.225578790781468,0.024661870421750793,True,True,True,True,True,True,True,True,67.67071886778542,262.372167567005,1378.2700132118168,308.6510348903039,268.6521675669993,324.33642763250265,286.07216756698347,110.56518506306556,False,13.00551444710061,0.8374166970530986,221.1468552041824,-7.103263132946902,-0.032964822091460774,6,27.025076389312744,10
269.05771850196305,1337.3981074427436,-25.750946541650077,-6.95942611670703,-0.11192940844024976,0.04041613187853693,1141.1416506945257,1.0125873701876695,1.0187684461128168,0.9943117109962746,0.9856308319225412,0.9609748799510133,9.41716139102625,1.0702070386192641,0.6857719568453221,0.5174652581989327,12984.085441625808,0.7852710970261345,-0.8133296027245384,0.029428893075618502,-0.18073134537222774,0.015081630271312369,0.35526509892118346,0.00022331036873203953,0.01108116240860113,0.0407707578900143,0.4194641934283023,0.21844556980420213,0.06739458884311773,True,True,True,True,True,True,True,True,62.453843197394704,260.6719504088691,1454.0015813348514,325.8093456594122,267.15195040886323,324.79091937308436,285.03195040884697,110.40001206700839,False,15.55348660577533,0.9009137407113431,240.15188296023473,4.487409961279939,0.010249078749653933,6,27.03955864906311,11
-531.2072059297816,-529.4394273660738,-146.14346302793138,-0.9426255425255698,-0.8788641956783156,-0.2445075408984984,9184.56764160657,1.014525335846202,0.9882843337117466,0.9975450069547465,1.0170777775470254,1.0460986038508158,3.724016087088893,8.632315978268558,5.7866281410793885,-0.5253815413568421,10423.600411689678,0.9866177035483958,-6.874479041849909,0.354874518671383,-0.2145704302123385,-0.1827975964091066,0.5327681059912461,0.00023775871577417896,0.019449927138538214,0.04533215449238121,0.6571924810102273,0.16032900766681057,0.017495538535706043,True,True,True,True,True,True,True,True,69.54312829366823,258.0355845465041,1294.5847721434277,295.36303017037824,264.01558454649864,323.4156728732696,281.1355845464831,106.76214908825747,False,17.376965066571255,0.7802198251855044,211.6720918810731,2.823214625639338,0.01860518294590037,6,27.538317680358887,12
-119.08687198733261,-266.3874900089551,38.69498160437599,-5.55327218819016,0.2357692612725695,0.16878596963663808,0.42196545707090216,0.9963922098322857,1.003164942616733,0.9993514226772434,1.1046584154465298,1.0419561307326732,4.995149108438307,2.955247195655639,2.3474868653237397,0.03731104459621215,9508.359514518579,1.1191142953088864,1.3137461257356926,0.02590488794474434,0.05862606806653391,0.008859224596311227,0.14516411479921354,0.0004449700828103968,0.01115584023452243,0.01645374082915409,0.43949078382060114,0.2243164650165371,0.05135581997151475,True,True,True,True,True,True,True,True,71.58746968845143,266.4540760921868,1241.1463764098912,283.5811258652967,272.3940760921814,324.8366719242145,290.19407609216523,110.5706444497434,False,12.161397261672493,0.8074247323077873,190.04334133374755,-2.259002359767866,-0.02249067677235048,6,28.243553638458252,13
240.07170169580542,-1744.5859869741926,154.57308025969678,4.544203382143629,-0.555215342207239,-0.07858746790832483,-517.4413403298042,0.9987401131089656,1.0015256251210247,1.009809946486621,0.8716670779534351,0.9936839929464084,7.674759254845322,15.987799050050764,0.8781908261137401,-0.0347502967021901,11084.446842974425,1.1727350214164185,-7.6693070245806885,0.04395286739275326,0.00874446639270727,-0.04869519763392583,0.04641195947641073,0.0004715582834315272,0.010738919470341557,0.048430846948933,0.47089210750586236,0.2308164173191584,0.026840388002976147,True,True,True,True,True,True,True,True,64.19582336388193,256.21281844664077,1698.4385666634594,368.0074841989227,263.25281844663436,324.0172709879364,280.9328184466183,109.41210739435417,False,13.647135087648962,0.807451632034643,242.26034203820737,-12.51012231356824,0.06967730274336614,6,26.784982442855835,14
431.91400684909416,-328.5252231228939,-10.220724304807883,-10.52898510703949,-0.16722808617793833,0.21667409911649307,2195.433394647881,1.008719672630839,1.004389931587383,1.005519921178647,0.9851714523232645,1.0017745550895787,3.4578673701895406,44.093589738617446,1.2717455656331758,0.305988185214616,13303.59534162947,1.0070397521229997,5.856235467336597,0.09710920699795117,0.28871860090165735,0.1962353148296156,0.26256114483722554,0.0002684313766646072,0.013117542577205654,0.012182025724811902,0.5013803334082545,0.16269636932514575,0.09849544315130866,True,True,True,True,True,True,True,True,68.62834296221082,260.0520647301469,1429.4641826302425,318.58658127465833,266.51206473014105,324.0343763609474,284.09206473012506,109.77743221018378,False,15.182584062015803,0.8420110740333858,232.67131251841212,-10.363704741744407,-0.006545033068404059,6,27.28071928024292,15
375.4344943656299,1820.6461576468016,121.7957818564408,-15.720402556532406,-0.03347658644910042,-0.19533453209913598,-3494.6521428937317,0.994931413167798,1.0003278209287627,0.9918895990041258,0.966442986130171,1.0083202525747,6.779407337669302,34.345830842030985,2.9278710665754795,0.03554990984485995,12819.61695003294,1.0413890285372693,8.081048408256036,-0.08637997372771244,0.25187140554612025,0.106255635149616,0.08279662213927103,0.00024095180422699686,0.00986439178429066,0.04169082155635938,0.4593487890701573,0.23829130134768067,0.013609459932047424,True,True,True,True,True,True,True,True,63.84463681359073,260.7614883927541,1413.791616985986,319.3510329357785,267.18148839274824,324.0361609343534,284.9214883927321,110.10014615275273,False,17.08053885852656,0.7537779336873057,236.36510179547122,8.545227982565821,0.07716060863337042,6,27.71603298187256,16
-1031.6191384023714,-591.1034251911055,98.48438713222576,-15.815943994539424,0.7379745240267545,0.06139276878344306,5342.357779945191,1.001164390100686,1.002344008926987,1.0018022882618782,0.9568327367630309,0.9960659018602572,1.8913397834999959,8.867002352531498,5.881862323529771,-0.09754011027699094,10916.599113887049,1.1481455547658972,-3.717941144062821,0.14109733097390065,-0.09515727692029909,0.13562728166103508,0.08290640604803783,1.325413123547268e-05,0.009835651888423058,0.000824194546719702,0.4848105839670317,0.04391040341168214,0.056047080603213575,True,True,True,True,True,True,True,True,71.48122513766907,260.99525756067925,1532.9571103274293,334.17418712755233,267.7352575606731,324.1702160540814,285.39525756065706,110.14794348596072,False,12.317124794421616,0.8654132565291063,242.6891150137156,5.559716234635451,-0.006433432367999499,6,27.941325902938843,17
-411.12500864516016,202.3061918311936,140.73086508088667,0.1142605556065933,0.6644802952184946,0.14279899709442112,-1025.808444330221,0.9899823885396675,1.0160425436151714,0.9969486704602878,1.0053940222171516,1.0349213515962807,9.904794134355853,17.721541520645392,2.8811425701920395,-0.09061275730971052,10509.636957212459,1.052418784281277,1.3813708966427687,0.14030334448167697,0.0923527502206822,0.38794218339101416,0.17847588733940434,0.0002802173032340245,0.005453281294464318,0.1426789997720569,0.3265772261079585,0.2131616076153056,0.014777358819647153,True,True,True,True,True,True,True,True,68.45967239200664,266.5145972309237,1356.4222995588148,306.1071644249094,272.8745972309179,325.09607377781145,291.19459723090125,112.05530667196223,False,14.061451500300015,0.8367856339722205,209.47243071212947,-1.3253949993279555,0.003132633059883171,6,28.37870764732361,18
-706.3829419461832,-2310.103436632644,9.058930898397044,-4.717760336383358,0.22969288585830588,0.11699227103687834,2650.3235280073336,0.9964766336856505,0.9982038858616854,1.0013118406443797,1.0410264237708708,0.9895002354073448,7.875228471929882,2.169762629681773,0.03411665401787301,-0.7042540971013549,12029.62588823864,0.870352767192524,-7.410926987214104,0.023040238676446986,0.1266888475626423,0.038201895685844735,0.3480185427249234,4.517745487845102e-06,0.013020903640651227,0.017188460076114215,0.47121652880142006,0.1017307868771416,0.08889232146959353,True,True,True,True,True,True,True,True,71.92641655635347,262.3147212530666,1372.8118333107384,304.8021226410668,268.6547212530608,324.4394398484041,286.33472125304473,109.72966092389906,False,13.520749212650987,0.8266169564751228,218.47940751005092,5.830190422892421,-0.04298630576494959,6,27.969568967819214,19
-1166.8080599241523,-678.2644401551768,124.9056499546234,-2.8488406638257473,0.09889504097092607,0.18153624945179875,460.63329217054604,0.9958130088808627,0.9940559964780127,0.9901297565828999,0.9555933073133174,0.9904528883180153,8.518856367375648,58.81228709392091,3.842441799774746,-0.6997892687999563,12081.544849637663,1.0474697088463203,-0.655433253438633,0.22128102204461525,-0.011522989121023258,0.2255976482615662,0.16338401093647983,0.0005149989243794289,0.010126396083407485,0.11188922575934426,0.5171942648808445,0.23521903528580462,0.02874394373216643,True,True,True,True,True,True,True,True,64.5420319710673,259.5676381324145,1467.7622751334366,330.61208208863803,266.10763813240857,323.98014773190823,283.6676381323926,109.02028722647668,False,20.435309713430104,0.8398142681914026,261.76773551549184,4.006257774642307,-0.03509872369333496,6,28.148826599121094,20
-915.4529129237652,928.2969915684844,-100.8334521347885,-5.339002383735546,-0.534876205644845,-0.10904721278125924,1809.6092696442183,1.0066033082776409,0.9965721384913562,0.9901542812210284,1.0533611208285991,0.9911603154107399,11.287132916346222,8.90633939520348,3.1940744570743336,-0.15074242652303915,11370.84364741309,1.2076980529053754,0.3469056756638935,0.07131507344915286,-0.031540723489400915,0.054777000380413506,0.09697012645938756,4.549099556414326e-05,0.014825722807614738,0.20795532646438225,0.5468257515263403,0.2208776893186196,0.03933042404679328,True,True,True,True,True,True,True,True,64.38945371197622,259.68858380162186,1301.5482119826852,302.2920473475175,265.74858380161635,323.79669007623164,283.1685838016005,107.59212773424048,False,22.166094824678698,0.8540516781176388,222.4389539536367,-0.2345125486601044,0.01463091334943481,6,27.5759334564209,21
80.09529665853765,1076.2401574663857,-140.94350546122453,3.330703726182551,-0.0129314239769282,0.052318035242925595,-5586.920564948039,0.9977066235753034,0.9970680841335123,1.0129148744161969,1.0552996684953648,0.9743442368975566,6.789262805183052,42.12013086662228,4.071180383175957,0.23944128526535513,10581.070759120215,0.9660741516115985,5.3192576636717925,-0.13889480099156762,-0.2649279155514948,-0.3454972393318819,0.11475142023163305,0.0004494564841652781,0.009772645721739082,0.04087124131961227,0.5063012484883135,0.23882987990015658,0.00666724518145199,True,True,True,True,True,True,True,True,68.52146560705457,263.15256485480904,1360.1502026853548,306.78368295115496,269.43256485480333,324.07762045959504,287.0325648547873,110.5777082144543,False,13.466546063802586,0.7984441275942152,197.1583533899841,16.457309030553066,-0.09317230931047867,6,27.652219533920288,22
-570.9691130712021,6.339062362268442,432.94562109930536,2.2307974262527512,0.7166072533030864,0.015253363028868028,-3897.4119836270984,1.0021515067947877,0.9914846281081423,1.0044372349087562,1.0542643502222955,1.0097741708596595,3.367337233603871,20.047802430092748,1.0869561562515064,-0.2923356111072115,12713.462833625428,0.9664392631881353,-9.95405997561999,0.09679618255496611,-0.009463865732115256,-0.028401263527367403,0.13219899222964593,4.1502533229151294e-05,0.010877344240213915,0.007544581833003492,0.5796255281100551,0.08940010315823775,0.044742308172353806,True,True,True,True,True,True,True,True,69.82395064376762,266.0496607621663,1322.3105395610687,297.6802697884953,272.1896607621607,323.8292671154761,289.5696607621449,111.29719096949113,False,12.194916255783754,0.7684153305423377,191.09060612301684,4.350296116946952,0.08189496227618798,6,27.764182806015015,23
-747.5304151136025,1363.8622298139094,149.19749699528097,-7.194802332847904,-0.7512517280204485,-0.4940881396402752,-2797.8614302474475,1.0023254010475016,0.9843904164700555,0.9980178442486825,1.004973873650787,0.9977039826181053,2.5086919032268975,31.50529817803567,1.0288797889472185,-0.524792264746943,13181.521452751189,1.1628936947623991,-4.850747598257063,-0.09058258465543909,0.40340250204123373,0.0724807119106079,0.09382026504782293,6.849904232221612e-05,0.016346140682557575,0.014066226409013494,0.6167201304997402,0.07296059163584866,0.00980412052128679,True,True,True,True,True,True,True,True,64.26379502217976,257.38993782257404,1353.92629031646,306.2110831592778,263.52993782256846,323.6549511707003,280.7499378225528,106.96975178038791,False,12.195549860413575,0.8514575482320351,183.71677489880193,-7.424201161916828,0.17933404909745695,6,27.47319722175598,24
-443.84782785727987,1335.7843363202328,-31.89066444917671,14.03821392066557,-0.22126785594609194,0.24250759604511854,-1808.8523872208561,0.9952943895203752,0.9955143579197164,1.0030155596709542,0.9217120463909743,1.0169992240706967,5.882370508819037,35.18671038088775,3.099432328443881,-0.6532701048483742,10218.337270278567,0.9173770533636048,1.2383295055447157,0.021914302800908697,0.0430381372204492,0.26078633694498404,0.06852513619744947,0.0001278752286639235,0.00880850201158978,0.004721395230420968,0.5075147266973739,0.20500883286636326,0.04161417667181335,True,True,True,True,True,True,True,True,63.847403842716055,259.9362271140939,1486.4067158720584,332.33421041967574,266.51622711408794,323.98891719430014,284.11622711407193,109.75385527232766,False,17.368296051711,0.8322747304889467,239.9380407124592,-4.688885225188551,-0.04073477744615529,6,27.24428963661194,25
-89.61331272487745,-253.37756894801495,-26.5308118966768,2.0338824061994343,-0.5042680209715539,0.11780827348317513,1482.0900040432975,1.0101753665136552,0.9991290582894748,0.9979527785444362,0.9623236209821311,0.9724729954512576,4.087089547098291,29.929017511889114,3.3389540449129713,-0.6204964112799288,10992.762533507703,1.0334295128497715,0.2557102927608089,0.11044432839758064,0.06417298960935017,0.09275557379187718,0.28628938463829773,3.0414001021467728e-05,0.015544714469896803,0.020488464749573988,0.5451145389697768,0.21865421095925053,0.0663074661913331,True,True,True,True,True,True,True,True,63.00309322875565,257.81734926859184,1480.9370888021137,333.5653806315163,264.3373492685859,323.657590213524,281.75734926857007,108.82863492278594,False,19.89809395681681,0.8349700048438274,250.39344147648043,-2.6798401427598173,-0.02228004148968171,6,27.017754793167114,26
-382.76763871485645,900.1845640199633,123.23544538349125,-1.5964830742201699,-0.326458072332356,0.09140465347163325,1310.1790603719053,0.9955015260675613,1.0018984339283745,0.9903011834316148,1.0668093050006084,1.0332786662682516,9.137190758208092,54.19967231784318,4.528266183364629,0.7276104884815351,12910.025853690886,0.8927866978573141,3.571982413153294,0.03132893124768407,-0.24135454323584127,-0.011330042664067482,0.20080243633696795,0.00021192512464707002,0.007798343341661962,0.13129928078519537,0.4605682003173521,0.22013565700594792,0.028676051810422952,True,True,True,True,True,True,True,True,66.57741862546811,263.361675241084,1255.9526098317351,287.70718172117466,269.4016752410785,324.88979788929066,287.18167524106235,109.09136754223542,False,15.377972506159002,0.8039173037789193,173.24794863729556,-13.002232808369987,-0.059636779644676806,6,27.488549947738647,27
998.648265373997,-1176.6147194293019,-139.57723401419878,2.3544836830993034,0.8055580742498104,-0.20372905208998385,-6405.34603422916,0.9978819669676958,0.9947941158714458,1.0054173419183576,1.0120829859910419,0.9526676784095433,4.938912026328719,47.62092903359836,0.5329352055553676,0.08711905056216285,13010.298934928622,1.054113161080453,3.8146324116846833,0.041506020384490326,0.30354980846885143,-0.2752931913632112,0.047374959023576926,0.00012875291570489707,0.012445759961053682,0.007591684344323699,0.5132685376877165,0.11983012245264328,0.03271802006622714,True,True,True,True,True,True,True,True,67.404333130256,265.2218809642513,1473.053363180295,324.948717475113,271.76188096424534,324.1414936279785,289.3018809642294,113.35922095637898,False,12.287074452275448,0.7744997260617098,207.892822225331,-18.62747654619581,0.06008924284638718,6,28.327547073364258,28
224.0496819681018,-1685.5973173848083,89.67240665470851,-10.34308051674399,0.11763805579413175,-0.23728907256651002,3569.1006824119977,1.0012082226083838,0.993860231986071,1.0096745256601405,0.9779673789215129,1.0008562046392249,6.175552105396198,40.63724396186383,0.18602808403832044,-0.15495032785386886,13478.174406918484,1.1362642639803342,-5.202930262562165,0.07438702459051061,-0.1344331507178954,-0.21377244171008694,0.14845765809743838,0.00023801304420864578,0.013942562415849125,0.03366855104088487,0.5365583271802956,0.23910032858655716,0.008954729736900436,True,True,True,True,True,True,True,True,72.70379334750733,260.1311203090072,1478.4429039713884,322.8553702180798,266.7311203090012,324.03411763632215,284.1911203089853,110.00046549947345,False,12.452867884872235,0.8813148543655688,198.18545618039377,9.094444569505258,0.0708498634516555,6,27.2602322101593,29
-1206.390165464745,1610.9369950118944,424.88799210116713,-4.052692654493319,-0.9684190203100926,-0.05174732936599062,2897.805712382387,1.0026225368764303,0.9850559438018069,1.0046613115446326,1.1026342490972945,1.0045856088649883,4.895303413575386,8.209276681777578,3.6120268617174216,0.7815968948190581,12504.405050603293,0.8269328394492782,0.8219535148865111,-0.047703824973444865,-0.03165397350370951,-0.18556467365364138,0.15962450459282804,0.00023996355966269888,0.01648728863169424,0.019545453193719184,0.6112924013862968,0.16450323686134616,0.041640343488125973,True,True,True,True,True,True,True,True,69.76721932400251,258.55473363406827,1259.5044725652517,288.43492005240296,264.4747336340629,323.910915076843,281.7147336340472,105.95790146670582,False,13.33873782599938,0.8367011092787454,187.4477201908836,-4.525319829440399,0.06863997924982497,6,27.109139919281006,30
-195.23197473140505,1847.8250129560454,-29.02878896749298,16.678876111195198,-0.5518703488910036,0.09787652780046537,6062.5941841580025,0.998381041478567,0.9830803735083024,0.9998829144901503,0.9548788452603744,0.9908709083022965,10.763961585275943,14.105827012839569,2.044188664180073,0.6425575079166035,11647.710276425361,0.7435255658179434,3.924220183040675,0.05323337729853814,-0.14484120797746372,0.02956601910615674,0.28875950421013236,0.0005459420182200677,0.010908577516573814,0.14193244721917958,0.6268046331554908,0.191993865811562,0.0677849275066515,True,True,True,True,True,True,True,True,65.22749400113058,257.756060572941,1477.3253975805153,330.1546630287036,264.336060572935,323.93916646095624,281.5960605729193,108.62835737158073,False,20.19831507451232,0.8787428463109201,222.59968398765758,17.788007369485108,-0.013508269961681751,6,27.702672481536865,31
136.1848776371199,-713.8748240364839,-219.47170184304025,8.358078963143372,0.1746753112802148,0.3971003804473455,4083.879336003955,1.0031254260062408,1.0125172500856519,0.9965245138757515,0.9782296263528019,0.9872239154423472,6.746048804850867,6.1136494388726925,4.102430712359365,0.7152612092055701,11563.660321500556,0.9754238499987099,4.76026826569945,0.07003143312082288,0.0646171902103358,-0.027821321684760855,0.049329619156100055,0.0004589984314213862,0.010450464648414481,0.030682921755057945,0.4108202312892102,0.2371150551933301,0.008613845311823803,True,True,True,True,True,True,True,True,65.93094968649265,262.55144307938787,1469.3291727559927,326.2525807715459,269.15144307938186,324.44767716790614,287.0514430793656,111.31003441492636,False,13.411313503848474,0.8719046599266725,229.1364068581982,6.882962880040557,-0.16441598099568658,6,27.644484043121338,32
-1125.8886453095233,-826.7050469168946,-130.40272232690762,-23.20356012386145,-0.48181922218440204,-0.15252601930765436,-5154.068601355769,0.9997152272939324,1.0104917362144135,0.9934936078925674,0.9544712558039276,1.0148946389139792,4.72950932613717,24.996577984148875,0.010434534061827079,-0.6093584362901528,13313.82281870439,0.9987915349211732,-1.0534500718157842,-0.03351744241980505,0.1854943152767106,-0.040843441865117056,0.04948787065127407,5.399738656763834e-06,0.010485723726347373,0.0028535017882637646,0.40461201140765995,0.06217628377983494,0.048909150576106765,True,True,True,True,True,True,True,True,63.31712387068188,257.8757841982483,1414.0914563146443,315.8240030130188,264.2957841982425,324.4329572213561,282.2157841982262,107.57910931059821,False,12.466067599667406,0.8167852623630549,209.01366219016492,4.401782858077272,0.0025010796609953073,6,26.75003170967102,33
-607.9454620520653,-1563.4779478686885,114.29150587911029,-3.509523822179781,-0.5111401408236648,-0.016029822820555373,-4614.432209476338,1.0073058943336017,1.002825869829193,1.0051154482697415,0.9429919540436885,0.9701457099927859,8.538696499161334,9.027240693448444,0.2976597464404754,-0.5683056732843206,13594.115967653415,1.0158119084905108,3.888836945424627,0.18800314289155043,-0.3801229742286538,-0.2494397816505544,0.2448119799906237,0.00032980868183034756,0.014094201435028708,0.006264599587747635,0.5005878764132836,0.20324105133810424,0.038085611464491013,True,True,True,True,True,True,True,True,63.2990420598556,257.25806177221017,1530.0635781287426,337.2865013557693,263.89806177220413,324.0040440433292,281.45806177218816,108.51254744941765,False,13.529144997791477,0.8209031783995323,234.27599260871898,-3.940420827928099,0.017319859699403486,6,27.308473825454712,34
403.5041409722353,-1619.87199439177,-374.5447592234759,10.017453976515071,0.5938625466309683,-0.17010383658555622,8987.972612171574,1.0025814878605073,0.996282833034143,0.9940457958561009,1.0005725645835328,0.9920196078963932,5.453489163583894,36.20546725999929,6.18673548234761,-0.21749861906716306,13065.796729100564,1.085501932429728,3.1981320474895094,-0.30997256775760473,0.01650580350120015,0.1551397043917549,0.027129945563201356,7.149812694011147e-05,0.009962629119073085,0.009917011478691876,0.5454348938459075,0.14527452027432242,0.018374904826967017,True,True,True,True,True,True,True,True,70.35892213744235,263.90652396696277,1452.297340298264,318.487033717465,270.4465239669568,323.92343145169195,287.9265239669409,111.97809735649543,False,12.3500908247531,0.8050014883865143,204.8519709486159,-0.3591511787416009,-0.023125493489245422,6,27.550642728805542,35
221.27281210202648,1249.665267043777,105.89519047687956,7.400142363043355,0.31845314168610506,0.05679856800035098,-6399.2047882001025,1.008409083096504,1.017289953408857,1.0090614706686374,1.0127606708427936,1.0360166698920708,1.5123161009595183,8.623119687332048,4.354847002958063,-0.5137384632927819,11536.463507910217,0.8697347883165536,-0.25598555908298454,-0.29726852161903056,0.013936846235092872,-0.09269865980818753,0.123353764198552,4.024526324343078e-05,0.00658803138404096,0.0020395168024317733,0.4269641945102307,0.08215262626371168,0.08507169781108254,True,True,True,True,True,True,True,True,65.9812422797527,266.6086374212914,1317.8028430698116,300.47195453365293,272.7486374212858,324.46920295006754,290.64863742126954,112.19943714272067,False,13.800902599027355,0.8633623153029403,203.44359577772667,-0.5649421414752451,-0.0025367761707920785,6,26.86044216156006,36
-39.864781928404234,1797.56116664464,149.0355547522349,0.11445439091466016,0.1243936549005415,0.007368729684033009,-3730.491283262567,0.9937484223053843,1.0051122181454752,1.0026084310662216,0.9106646244315961,0.9967284096667967,7.148565296228728,13.876832381211134,5.4908033701424035,-0.38694288825188816,12053.850666177092,0.8916301172641939,1.7230245237517874,-0.03381899746592462,-0.1804045328980478,-0.025175312934488207,0.1221032520268874,0.0003367333482425807,0.01015098047707852,0.010285028722207202,0.41024728112871905,0.2273312665068782,0.07305291052470757,True,True,True,True,True,True,True,True,63.66516569966878,260.63937099743,1556.5600924758978,342.54817382774877,267.39937099742383,324.3474544647563,285.29937099740755,110.88298052818578,False,12.093805938659129,0.7687492498408939,234.90860660440018,2.082281401917811,0.0003295420967698813,6,27.379717111587524,37
189.6400171825815,1287.3311116050654,183.32994172368058,-1.322286565311721,-0.6221029394304347,-0.053184432835149634,1264.4240748494944,0.997480211292947,0.9937193391627462,1.0020763522286895,0.9799003709935398,1.006509450372756,1.7924898764178092,57.69297777246195,1.1211826560661673,-0.47195833390959546,13294.91430278857,1.0318189487674578,-5.810397563671436,0.03620519913508744,-0.03368054089823401,-0.0963156846796093,0.06487338421113548,2.32094561643728e-05,0.011586645253373717,0.0033166918507968497,0.5242177247007325,0.05577943066622409,0.029591496565173226,True,True,True,True,True,True,True,True,66.79004847195024,258.695455723469,1406.156351627773,313.71744734330554,265.05545572346324,323.98707250478606,282.5754557234473,108.68132858988587,False,11.47915368252506,0.81015255362689,179.1202472405799,-7.016949657221894,0.08123632066533316,6,27.219507217407227,38
-1058.3272244852656,-1861.8451532425115,4.8516577627782,0.3091727803269891,-0.05880542771256047,0.20236497148808358,-5638.90382445857,0.9981009674410505,0.9924710808277137,0.9940376930261499,0.983686899748848,1.0380662742315867,8.923204381291823,1.3884056749167861,6.152649830937891,-0.19298068482450959,12596.562668454118,0.9906701350346508,0.6552891302307216,-0.4454724055171563,0.06598897907180393,0.2602397003005955,0.2711931899358607,0.0002134912175335429,0.009791512307245398,0.007438458365764901,0.5482886961366404,0.2140099037532154,0.01113592365013889,True,True,True,True,True,True,True,True,65.13915411127523,261.8458543405765,1337.0342863239266,301.21286537994604,268.0258543405709,324.0661381523141,285.505854340555,109.02913586883712,False,12.750811741625348,0.7818109805420962,195.828467927971,0.364270587634513,-0.05144292539278007,6,27.250224351882935,39
182.73723632141727,3000.0,141.88092914079817,-7.072645299514636,0.48449893513792897,-0.060305422847390246,1392.8795725590303,1.0000699261093264,1.0033658312660543,1.0028331059829076,0.9031516533647292,1.0177752711629209,2.923160944303289,5.935470306289339,4.734408799135996,0.5985300307290198,10390.56678435744,1.0831031857667974,-6.710875831854535,-0.08162503048353485,0.15143355998201852,0.005180931295192131,0.1549739130224122,0.00012241458821423762,0.007755220652882144,0.003060333998139471,0.47953712804330917,0.11344687526862243,0.09011522050352976,True,True,True,True,True,True,True,True,66.20038071673763,261.17039908293447,1564.1590508840513,343.54171024440814,267.9503990829283,324.01699338598127,285.6503990829122,111.29408019572355,False,14.918014056040054,0.8557072296741046,257.9238024522654,6.961842145961436,0.028472035709755986,6,27.99019145965576,40
-203.47187438627947,-584.8741349330006,-7.764545056556561,2.7886428464723876,-0.5039464748117723,0.12071377957603803,-61.59646464655617,0.9988951634110682,0.9989657988642536,0.9998134502897985,1.011277991975509,1.0252706562626213,11.78840019725439,57.179947966078885,0.451271817937911,-0.5689525833059713,10522.332632380165,0.9568660561760489,-12.508499220798273,0.010500394722449954,-0.31532437555198506,-0.3264319067328385,0.5021232621512578,0.00047856507106104173,0.009294656664280865,0.08128266014674218,0.5005850602145951,0.1994916871730652,0.03145238563887452,True,True,True,True,True,True,True,True,67.31420532601624,261.16911825615784,1322.7473015208845,297.43836629891706,267.3891182561522,324.763621454519,285.02911825613614,108.95604612257026,False,14.105643537693222,0.7911521043709424,188.32736915667365,59.552711321645255,-0.05547063284478662,6,26.927829265594482,41
-851.9964313051878,-833.0367227960116,-92.95481458253579,-4.083886272547264,0.019290561490458533,-0.05195772180374118,2394.377692602308,0.9923217896503694,1.0038969170532,1.0006836878915084,0.9926278755040916,1.0423540295239804,11.298466280857188,7.239320246621183,5.630501101723328,-0.6276970519845257,10322.699055756555,0.8923754799681232,-3.7587792390675014,0.17488993509056786,-0.11266955094689479,-0.1437196599125905,0.4168262291704538,0.00041677273392806344,0.009160884809020331,0.11636142860591196,0.4168118859941293,0.20527112145252288,0.0327456501937961,True,True,True,True,True,True,True,True,70.80300906912535,262.09994530724873,1355.2904604697628,302.2564102711812,268.43994530724297,325.137289569355,286.35994530722667,109.36069943238128,False,13.07172608496255,0.8377629942412728,213.2464113143457,1.6948398902856958,-0.0431229950508327,6,27.54548692703247,42
198.51665000774557,555.5820886501248,-103.69461670904302,9.874051450464007,0.578753879010567,0.2393836260938818,-1589.532743142313,0.9956649737183829,1.0011922586112738,0.9961903385386884,0.9916921079025134,1.0501913301387746,6.356947994189976,32.19408081462536,2.730440388815166,-0.5784381558531133,9628.31926434268,1.044832406597316,5.826537677735884,0.08823556785428702,0.22723811868094979,-0.31346640466234293,0.160886217006427,0.00040186446240993563,0.01119738150482874,0.058340721233691856,0.4503828776670481,0.24278969600848208,0.01620442496629899,True,True,True,True,True,True,True,True,67.10370772817106,266.53734917276586,1337.0050002676542,303.8636095757635,272.7373491727602,324.71473383487984,290.49734917274407,112.33344061853629,False,14.087820704663883,0.8926623254037457,221.89515342283408,-4.533208538699557,-0.04988121912247394,6,28.768749952316284,43
823.6969988016647,309.62008190916686,98.25781433926701,-11.50864509185567,-0.04393837120781029,0.1567149108139315,2453.8335449690944,1.0060015312912967,1.0028935915695711,0.9976286778961931,1.0167920628466511,0.921850816643926,9.819694424446356,44.49687796389092,2.945301527601898,-0.545259341510425,13603.329291367838,0.883757121986007,-3.560510209394694,0.14432810640285887,0.035268288799175034,0.14773232659465874,0.02987719335329743,0.00025891169716992917,0.010435533701141253,0.1120521548795879,0.5097798551531039,0.22642565094615152,0.02532964623240986,True,True,True,True,True,True,True,True,65.27666074029186,259.41211588191277,1524.013652731515,339.59828761238305,266.1121158819067,323.90910283786684,283.6921158818907,110.45683132287485,False,20.274985710114358,0.8350144880246236,239.70662172022384,-8.328316791409268,0.008184754705689922,6,27.36245584487915,44
685.270494307066,-484.03013157267617,373.82005206716417,-0.01919853176346149,0.2040180884406334,0.2694790664164346,-178.05368095045466,0.9931762917389921,0.9974416792865918,0.9950520527066837,1.0462178878593718,1.000922983311607,1.8279205218909085,37.93696878181261,2.4688356135024896,0.6626442791528935,10595.78247304035,0.8958412367378729,5.5233960770126505,0.02183785269890326,-0.16705733011513352,-0.01828790861571502,0.07961374502833454,1.1197136397927998e-05,0.0096515794571701,0.005632598877646116,0.4732324713637621,0.058463376898489135,0.0318157959836277,True,True,True,True,True,True,True,True,68.84109006825067,264.4677175090938,1336.348163728579,302.39081608564925,270.66771750908816,324.2672011071158,288.36771750907207,111.45290890981528,False,11.836735643917601,0.8255979639757677,193.14190155530662,12.69965106089996,-0.005911722676553871,6,26.905723571777344,45
-206.1684361023653,-1416.8420925968742,73.96878489718411,4.633698060326869,-0.7653576286283532,0.038246952577267714,-7021.345490453746,1.001655200774981,0.9969738024052955,0.9967813989418357,1.0435277804709864,1.0394473202846461,4.396025862678435,44.31064276119771,2.533004607254395,0.0971049482693499,12598.912675107731,1.0121177949299462,0.6538209395577219,0.1225971820713956,0.06239774195104384,0.10533024729356588,0.2115921742196098,0.0003688371322640605,0.009710821804503666,0.015113194600828885,0.5345763690932146,0.20872077489860633,0.06037792414680898,True,True,True,True,True,True,True,True,63.84284772623938,261.8367616969077,1255.711875282991,290.5304312419325,267.7367616969023,324.27772612015474,285.2567616968864,108.54945590682944,False,13.792101624078487,0.8657370420692684,194.92053285351636,-1.5687821274673197,0.030138916126288648,6,27.669348001480103,46
411.876565938091,-59.282646025932216,-121.54782272894357,-4.1447306583585855,0.3169551888668712,0.0004988818666592887,3781.2408181490305,1.0018942130172919,0.9876518691308852,1.009615365274575,0.9749627628121542,0.9558641241817284,2.960164526713768,40.07094953087918,0.8128104659845905,-0.35318958687393825,9693.272481167098,1.061970196548248,1.699376805963519,0.05670166281138964,0.11167987370036497,-0.0624735771496016,0.06475634300989837,3.7884852717906795e-05,0.01657640247560721,0.011759473033869226,0.5823360683380248,0.06679489815719022,0.03922105954659248,True,True,True,True,True,True,True,True,70.58204478224069,259.83527279596234,1571.0501146646568,340.6414357770983,266.5952727959562,323.8432570659286,283.89527279594046,110.6596325443103,False,12.620609312691963,0.7983175417882533,223.26667022425036,-18.707847592931863,0.008442955931436583,6,28.582022666931152,47
158.02393532214313,409.82845732869265,102.68911133370636,-21.079533417774428,-0.1822191261322306,-0.363368344081579,5938.171963605604,1.0010138752412618,0.994996389226031,1.0032344074169717,0.9736041181337843,0.9999628626281774,7.32272933319895,26.636573183758582,5.880668744892955,0.5560373577948505,10611.078369114692,1.09738941282174,3.4928317268575255,0.006009987799632568,-0.0007721620373908867,0.17425537913161337,0.050505887311875296,0.00040437247237160305,0.010768296228775398,0.03005068919572772,0.5418441148173627,0.23057564466649214,0.011099154346097997,True,True,True,True,True,True,True,True,71.34395776126888,257.9892218537577,1466.603303177493,321.73166411668154,264.54922185375176,323.95786673279554,282.02922185373586,108.74868578610084,False,12.68504180064987,0.8729209078980973,209.15297308730186,-7.203019286720682,0.12061817641079145,6,26.86035943031311,48
50.96294368632872,-762.3234580276522,-143.20100309592831,-5.376625769030224,0.27129723164598,-0.15927086123356632,548.2387728700431,1.0122256507252947,0.9862268434447963,1.0098134304432675,1.007492120699364,1.0109645844804256,3.093700916428253,35.157682445763285,2.575995317897988,-0.4416190062080524,13080.280083764155,1.1132234572179247,-3.2218356010651146,0.07291870810331165,-0.20695925481306543,-0.034011430739808154,0.3946425137098719,0.0002668189489564733,0.017761781194892023,0.02514065152149388,0.6678661407566491,0.19488587529090637,0.04679574103389524,True,True,True,True,True,True,True,True,71.14352226700666,261.8135490486402,1390.9673355872465,312.4923119115424,268.0935490486345,323.88781206923045,285.19354904861893,110.14852032437754,False,17.726308793367178,0.8710445567510912,226.78135154586138,-12.850593964394388,0.052404465686494615,6,27.72753620147705,49
-30.125923200643477,-1071.9625522902193,75.83728672458665,14.451259569265337,-0.03867808991042704,-0.03281428311731825,-4564.389933594136,1.0011339302305458,1.013190131977414,1.0187280724081966,0.970670745746455,1.0382746708438784,0.8356876390967356,8.27985104087432,4.968353219412264,-0.3602901726977836,13424.245297531803,0.959166683717333,-6.990548298994254,-0.18576949384465447,-0.038215442258718015,-0.2654657099535879,0.0826464140083702,1.7434551215247057e-05,0.008542051014870822,0.0016219764956196246,0.4024918115248332,0.060044574152333975,0.07152137589814432,True,True,True,True,True,True,True,True,68.86697058465258,263.79128340702624,1394.4255428205595,312.0234909681691,270.17128340702044,324.75476443280775,288.1312834070041,111.23532297410816,False,12.48730720430677,0.7807515973785841,222.57544796761223,1.5312882391458555,0.010248115423529203,6,27.155680656433105,50
-771.8126012610408,653.244883281227,-46.116681680952226,-5.960888996561666,0.0042528133615767835,0.13248870881927124,7895.9275149081595,1.0024727832766143,1.009736635113441,1.008279733312092,1.0565049658202257,1.0163759780563366,0.6170298546831523,40.33586587340669,2.2200862141268978,0.45154719835739243,13160.60037640993,0.9205400544874945,6.517825339040437,0.030060657171066364,-0.10934248944016123,0.20438215927482495,0.13246376860638698,2.01135734931347e-05,0.008915443872297146,0.0005399869070835274,0.43682025622135506,0.08387660409429594,0.08616737927911956,True,True,True,True,True,True,True,True,74.2068378937615,262.31983494687887,1328.9826268688623,299.0812688670254,268.5398349468732,324.82323558379176,286.379834946857,109.16622161662876,False,14.029248542083373,0.9001060339486261,213.4931825964665,1.4708431669590616,-0.023067417110054143,6,27.675878286361694,51
420.11008134709874,1487.3982896858627,-45.27906394788204,-11.522488412767675,-0.12021859853517142,0.017005216206762368,1760.1723590146212,0.995056864252827,1.004503172780438,1.0000207236679042,0.9625093330857741,0.9937112170086706,0.41806020335898797,39.13545638795132,5.17186146672753,-0.5215030475529028,9734.31867410702,0.7902549042389858,-4.471036759897387,0.01316478605666828,0.18894674645945025,-0.06021173750057425,0.15646824469796983,9.633276020306255e-05,0.010984896867512361,0.0006481446725042259,0.4199651038023375,0.09812133048681937,0.09745892947679818,True,True,True,True,True,True,True,True,67.15921745070719,259.80208626095856,1471.1563089916224,325.79949204290455,266.40208626095256,324.2393553569474,284.2620862609363,110.0191032164357,False,13.452341576993485,0.776838940842531,229.64168719856244,-4.50040923475251,-0.05491250566287303,6,27.426702976226807,52
-131.5367122281764,-685.8526761766428,230.28459889629949,-1.6493777539621863,0.6442221246591262,0.010284105675061337,8593.975015249296,0.9884019463662439,0.9799845425556132,0.9963788611262926,1.0007263940968785,1.0184027846603736,1.0317882013313415,10.57748190132781,1.101734624432479,0.5075362670645092,10992.533117371062,1.096265757248684,1.363226317160644,0.006204639403596106,-0.01479940795208349,0.000632708603576522,0.051253508468140335,9.77188602642399e-06,0.012686473887100647,0.010978638728951568,0.5776696665244271,0.02987484166651734,0.023756308395429478,True,True,True,True,True,True,True,True,74.64397868075628,262.8492463704284,1418.7546590711343,312.13461713074895,269.26924637042254,324.2822240940175,286.62924637040675,110.73031190336323,False,11.216951815296092,0.8714906522341498,199.69699422305928,-7.700757547733355,0.050115221247988326,6,27.648639917373657,53
-280.7415133914418,697.8168390000047,18.43552042977962,0.013398467544869291,0.7364767860947872,-0.4084786880900144,-1273.0408488301507,0.9924633717611347,0.9901484196768917,0.9942610554765096,1.1228712046037945,1.048046451939924,0.31893317996750037,2.967548228760941,3.7797032298813273,-0.02168943689319136,10300.923276714957,0.9002148016755974,-0.4242526583100489,-0.23628069502659493,-0.19784507106239502,-0.0605434412614676,0.10884780681483827,5.122641877509565e-06,0.012499647976710548,0.0003667563005834069,0.5163405314007516,0.061404995650820894,0.05651024516002702,True,True,True,True,True,True,True,True,71.60997620784833,269.12111991989116,1213.560178995889,278.3344706595539,274.94111991988586,324.1601543400478,292.4811199198699,111.54312246085013,False,11.679844951795612,0.8675185666552758,178.40244553827185,-0.20025954224341608,0.10875561625314939,6,27.92432713508606,54
-800.1029245217387,-761.9744583102578,24.77118255047181,3.6620959778393742,0.20873597937100727,-0.22008149735950622,-53.19338309096574,0.9931180625046102,0.9968380229541881,1.002435758280425,1.03064826902373,0.9962403227348156,5.63947128344808,28.56550540071964,5.8781833958024,-0.6919566858226791,10075.891373143593,1.1960484600783028,-6.139999404112487,0.14244762168926028,-0.13336861610030837,0.10547631910121774,0.014975276013603147,0.00020822802362336292,0.009120706109555954,0.008918871692934916,0.48110988743031335,0.1599652015911664,0.02238449837371084,True,True,True,True,True,True,True,True,70.13509659243667,263.08101290833514,1365.1567904817525,304.6390010282299,269.3810129083294,324.3813472024289,287.06101290831333,110.04070499734522,False,12.54547812051226,0.7854412194010155,189.17929949578962,36.421911876642866,0.0173586577002185,6,27.54571032524109,55
-463.2665555785753,1484.918786733851,-176.3801751396062,-13.22541133291679,-0.24309706534952344,0.07003778491243096,-3561.6853220635435,0.9956024518567053,1.0228163287727605,1.001983407141237,1.044337952720237,0.9869579341834953,10.660385436754087,55.779997255173306,0.6272570316534133,-0.6166899941724384,9576.63219055494,0.7750216222048393,-5.9767948714905135,-0.017066117768516062,-0.10842727006759868,-0.1123687436207515,0.46651934738490036,0.0005166346521124523,0.00606631807883673,0.1281841944899026,0.3069770748247087,0.20263752086744533,0.024222806559472357,True,True,True,True,True,True,True,True,66.34097957218397,262.509092784426,1326.5512275890537,298.28556046400826,268.8090927844203,325.4269393150039,287.2490927844035,109.57213808487828,False,16.02186003954789,0.8017662262305832,225.7506275726616,30.73905484060688,-0.04893888544897201,6,27.446027040481567,56
662.4778396908155,-44.43616770435442,215.09396038686234,4.109825769008753,0.3912794128575796,-0.15014949921742918,2797.701853080832,1.0028309387928742,0.9945044737886992,0.9925148771181934,0.9407935834050863,1.002306814451239,4.770300294659915,35.0851621682962,0.8045782811398446,-0.28103804084306816,9966.041612225652,1.1551880120122489,6.384904160990217,0.0873251590321118,0.12145237234572431,-0.09610788203894882,0.05748002594132738,0.0001647827373648849,0.014480993098430872,0.013034552677424436,0.5395663484540106,0.13257597762707488,0.025937084429098815,True,True,True,True,True,True,True,True,65.30711835044806,262.1051034952617,1504.9402747327422,331.30693731847316,268.6851034952557,324.1467399300183,286.12510349523984,111.68652467044427,False,12.656951164285703,0.8537735682287626,213.1367426305681,-33.42490431053973,0.10758680023374903,6,27.58678412437439,57
-500.645716378272,1683.5862095380226,-88.49608409261913,10.448728124544274,0.033993313025544425,-0.06869156307616126,4836.496179213862,1.0075839632856962,0.992030890107033,1.0020131382834618,0.9637304238996012,0.9832404071963523,4.148769669151591,22.715567253583856,0.5946392013394401,-0.5245475903836883,12615.569010726931,1.0097413412957783,3.978890048721166,-0.3012828099624888,-0.02859408503605803,-0.2598972058842681,0.21844972904925278,6.915039493785937e-05,0.015274158403173033,0.01113897758851994,0.5906718861484916,0.08043710048811839,0.06127085996009101,True,True,True,True,True,True,True,True,66.39603714409817,259.9796568079983,1485.3549251935876,328.73374175405735,266.4996568079924,323.5024347453818,283.79965680797665,109.67426930341261,False,13.466665048215937,0.8066016752413575,237.79708124948843,-5.199977762142333,0.010232010103949167,6,27.879194259643555,58
-223.57882866497337,-49.55883755158271,-19.249813216489123,-8.360571148457872,0.33104076729087634,0.10837483426306069,-1874.7234492456769,1.0018652615921708,0.9937639931074179,1.0001557021074303,0.9700125275440568,1.0432018749102947,6.752016165983197,1.5919462323644606,4.671296704828796,0.5531486019662213,11482.08741219654,1.0795838655219774,0.3023422405868403,0.09892578248426111,0.2561609423196074,0.24155746687271723,0.16599708373002442,0.0002529822221960794,0.011653833463796559,0.044051523731301764,0.5539722507514865,0.23652141712317098,0.03469791191506366,True,True,True,True,True,True,True,True,68.18212728562584,262.47648710609815,1382.2975136203477,309.97473958568696,268.7764871060924,324.0278457572539,286.21648710607656,110.27386870259849,False,12.511605343423087,0.7725921409897816,206.6362742023053,8.654622963290617,-0.055899127051256506,6,27.404292583465576,59
125.22315013038032,-1326.3961033185487,-3.8722851417277,20.03509410401342,0.41209980989793144,0.028284424190468685,1288.2021046058028,1.0042274155424094,0.9842438067282938,0.9955905540512879,0.9421267683883289,0.9742573014717663,10.537769095866448,22.467836186936264,0.6352687762717286,0.4884593846079497,11408.817756810859,0.9748897411963088,-12.403542549922708,-0.07317565168415627,-0.0657621419782323,-0.3548663148666696,0.25554882370382376,0.000467160099248807,0.01631877604634724,0.09834466027846327,0.6320740758402246,0.2147925236209973,0.00912471614728138,True,True,True,True,True,True,True,True,64.18285012987582,261.7856443313253,1551.9302102807094,340.66171405935614,268.4456443313192,323.9244896096141,285.6256443313036,111.57737072260494,False,12.519439740029167,0.8338462918899764,230.75706249171606,3.260405582994568,0.017718474632988604,6,27.671963453292847,60
-498.2093130011948,1232.9019341026965,-462.99904678809537,-3.475234121935192,-0.5900003892336295,0.13409505026413943,9181.1291986501,0.9989852902816232,1.0037604436962262,0.9900996301391505,1.059520678164687,0.9797197640514302,8.019968889541845,22.604040472492585,3.887499603530372,-0.7224170691664867,11308.635985922547,1.0292933823497292,-7.944487820893626,-0.11251899202391022,0.06732567012260192,0.09424340319484883,0.07531119778861108,0.0005320749968963738,0.011950570401893401,0.084274139989524,0.4472254712473017,0.23402435270071223,0.019510613985975575,True,True,True,True,True,True,True,True,67.67834606516587,259.4084101959153,1336.0269403762343,304.02547903241464,265.6284101959096,324.55884071567937,283.38841019589347,107.96012417933248,False,16.12327793580437,0.8160505391219444,208.10398399603156,-10.506406542116384,-0.11224319989714975,6,27.07615876197815,61
-61.90464716482979,742.0289029794907,-312.9981276609846,-10.747660138177139,0.43827180204076,0.045015905699547755,3289.4400521658968,1.0135537276360915,0.9978619544190951,0.9946807815758767,1.0213898199123566,1.0117064274503704,6.415209015471303,59.61257980721085,6.023737041069348,-0.7219392031268319,12528.985018147441,1.09159303022796,-0.5457257578066725,0.06866193035445897,0.3099158012705519,0.07809212975103376,0.23681564689376824,0.00015262741238930214,0.010551284644208181,0.013752756195829536,0.6046382647959688,0.13858740097648287,0.05418166857908718,True,True,True,True,True,True,True,True,68.21309517999298,263.14425451242306,1352.0546443849128,303.4733957495852,269.3442545124174,324.0076870876144,286.66425451240167,110.39176014899994,False,14.671727926840829,0.874724591493694,206.10928580036511,20.93219335423033,-0.12256614334176884,6,27.684986352920532,62
-126.44072315891563,562.2728719144933,-215.3137113719483,3.526272039171724,0.9564774038658761,0.07769627703288512,-1269.8133902389052,0.9981109673362086,1.0091631144107456,0.9884452726452735,1.0431000025206068,0.9898750259961984,3.4325676220847434,57.86239169348873,0.5924167459477941,0.5769582668398527,12539.219472007238,0.8485245224206461,4.1456053553302645,-0.06270201729724408,-0.08451754673804032,-0.06838999555751822,0.17092028402195122,9.956992166462931e-05,0.00849631900078407,0.0037075388679425098,0.4152326942989306,0.0943844312986858,0.10799314749073605,True,True,True,True,True,True,True,True,65.95289132072443,267.8370905506064,1343.7409370995329,302.9290390870316,274.0770905506007,324.6780917184937,291.9970905505844,112.9335374026558,False,13.352014913151203,0.8265991380322961,209.148673725848,-3.189930794696577,-0.005337025864523165,6,27.490484476089478,63
202.42754381785443,-1605.2712471325676,-4.049563961802582,3.645344890332625,0.2780376369115754,0.02954356115814262,-14335.274768913718,0.9984128072258116,0.9983534897245605,0.9883193428484869,1.0047091529116157,1.03330020726428,0.9292330231252586,46.7921906323387,2.8027586467274577,0.6765176126134285,12061.105042969763,0.9457442179888175,2.3110624450531234,0.04853856947456328,0.24560189870884924,0.2043389849851133,0.14154952847178162,6.722620413208828e-06,0.010996814973950109,0.0012840980232011298,0.49370179577690876,0.08380917750070278,0.07141216821575996,True,True,True,True,True,True,True,True,60.40285719508532,266.076956039209,1293.5737757835423,298.61236218542314,272.05695603920356,324.2498709467306,289.67695603918753,111.79550130051578,False,12.021193506506357,0.8024626033730695,199.85145279948637,4.681696370947779,-0.019077037623264344,6,27.69776153564453,64
-935.6090580304935,1862.3175613948802,100.44207438441649,-1.8249984265026167,0.2877732549999474,-0.23496990482463503,-2458.278074827422,0.997096742986272,1.006946706116284,1.0017060456673614,1.032587407070152,0.9997654749470515,2.4224070193144933,48.03501724043101,3.881682192860794,0.5719847937466729,13744.215535028921,1.136790745072097,-4.260794029827969,0.1970884569587762,-0.05399746258273836,-0.03401158584140578,0.14790614160248153,0.00011458074937109242,0.010036440797577484,0.0002088356803138523,0.4187040828925735,0.11605944488983523,0.09567801769670459,True,True,True,True,True,True,True,True,67.48935636570515,263.9063620749293,1338.0721103911417,303.67202621992004,270.12636207492363,324.2820831799449,288.0063620749074,110.22083712209796,False,14.129669383567881,0.8435159889614346,215.83105038784905,15.265377287760353,0.023832953269029785,6,27.45344853401184,65
1114.6368052779867,995.4902829453182,161.85650113715192,0.2802218702587669,-0.10861307910933822,-0.034901471173268014,-4557.218115686452,1.004122135311925,1.0092115074639478,1.0043643968563185,1.037274945326249,0.9927752498624585,2.2548429484377204,6.438741769951227,3.126812731653828,0.030708436901023872,11540.964573891224,0.9560012295470292,-14.77809412172535,0.06508843271991953,0.23353104583898268,0.030219036310236598,0.08891354839767993,2.9575586669421963e-06,0.009056259916448539,0.0029192042658571704,0.45169411359007483,0.07196620829978646,0.05798342500105553,True,True,True,True,True,True,True,True,65.7000529221037,263.8901118376913,1343.7085031722033,304.83322315415444,270.09011183768564,324.51489393890637,287.87011183766947,111.50547041319035,False,12.852887428597715,0.8410828260088916,207.63679488782142,-5.183945484691415,0.038238685844814976,6,27.086869478225708,66
-623.6587348470845,1120.8406514031667,-110.77100001052183,3.605916776568414,-0.6953427149876281,0.23978424705987184,7582.200502947018,0.9984671718935647,0.9940677981512964,0.9978296999232031,1.0254949124238268,0.9971940230866434,9.381084570887342,25.690191810532397,4.008274778360501,0.5595632106615163,12155.327214359437,1.1785318394224726,1.786597113553134,-0.024004610009112734,0.048340066080589196,0.38762996531361416,0.08232647749225068,0.0005166819157235625,0.014767286828373472,0.11686769940059948,0.5115746021050485,0.22752121293232927,0.02431245741689331,True,True,True,True,True,True,True,True,68.3721344121413,258.50138001963586,1359.7266638169413,307.35775117330786,264.76138001963017,324.3201516710943,282.28138001961423,107.61238748692145,False,15.680565952495511,0.7893261208508721,208.8605986168348,26.996745023505646,-0.12488698897223957,6,27.422736883163452,67
481.48028662472393,-724.6110515177244,-142.29320376456863,4.597059550149875,0.4942766212326576,0.006709417000077144,-8838.110564696904,1.0005474267972354,1.0112504392170802,0.9999105614205013,0.8869792621331074,0.9949130543910787,3.2710379689907003,6.643455516033261,6.007018324090708,-0.5428309439599419,9988.334911273198,1.0449978341346549,2.8165653675821236,-0.21439888918061617,-0.22670972771488784,-0.23785606703104017,0.11331844243231047,1.9562411801531992e-05,0.007762431047950713,0.002860223028725125,0.4183338362238104,0.0385213546804686,0.08734051437197521,True,True,True,True,True,True,True,True,60.16559155413507,262.8325001796419,1625.4351068467986,357.00395863759945,269.71250017963564,324.02269349136736,287.61250017961936,112.85388904458274,False,13.109822403123035,0.8081961815509686,252.43338684986483,2.712058138913104,-0.03507586556886689,6,27.616814136505127,68
57.29221851193911,329.9435386572646,129.60158837975598,-8.094863188927663,0.4390292894540999,-0.22883383614758984,-113.42637662823368,0.9968872992366722,0.9892829867313826,0.9976425683892424,0.9448005682314169,1.00860793237582,8.975881547429363,48.90438577312525,2.8163789604184326,0.5035298879387813,10203.765356071348,1.132514672887484,1.6514497280829592,0.054727995471923016,0.02979016054772119,-0.10271551469868465,0.2836164390166268,0.00024637842430916593,0.010049267637583625,0.14505187314748128,0.5668574606309562,0.23614895835612978,0.027316835693674876,True,True,True,True,True,True,True,True,67.2408643447714,261.1987096100413,1479.86244505178,332.8030382996648,267.75870961003534,323.71921460649526,285.1787096100195,110.71413281866882,False,22.419878782501943,0.8658051213233341,278.23556135501025,5.30062277950787,0.07015611360558784,6,26.96730661392212,69
-105.86690127219713,498.7194410697233,-351.198724554948,-0.43133589640907444,0.9987570889023814,0.022057751067112094,-9987.333464449299,0.9915883675910449,1.0021029129108614,0.9952341562540166,1.0656012631109957,0.9915953496030607,10.406067319280472,59.929778240019516,3.8548377625669503,0.6122641543009,13543.04123277821,0.9575537290218102,5.394395195148693,0.011318861528222583,0.091354729940366,0.14926754055239091,0.07730408719344128,0.0004944521552723118,0.010838221879367893,0.19074561834311807,0.41702040571017573,0.2178259433961996,0.014130840103657295,True,True,True,True,True,True,True,True,65.37331983211703,268.7105280314299,1314.8334515525628,299.7411663932595,274.91052803142423,324.3716475042461,292.790528031408,113.07242596960063,False,16.710784492887473,0.843283731867493,166.87985588075605,12.945075634872653,-0.12917185250949595,6,27.425036191940308,70
599.2599182583468,-170.38842335611122,-355.7822779128093,6.1728158049225845,0.27768011425428774,0.05156526169282417,-4797.13876570934,1.0037461146360043,0.9831265230558665,0.9937982354181997,1.0758184323362667,0.993042671386644,3.772175311558858,24.099698040562583,1.6844283916821856,0.16697470422162575,13694.02677103519,0.8219261892436529,-4.016200459758526,0.1635799582180193,-0.19413801607684,0.3347925643641898,0.2395048451042669,0.00020469212040453348,0.019388294749163038,0.018011438565756224,0.62333107343011,0.14119118719837373,0.055322026404996644,True,True,True,True,True,True,True,True,65.86876249758879,265.3665209111428,1294.6694910902893,295.17491148585015,271.34652091113736,324.03973644123874,288.52652091112174,111.4069193245802,False,12.745928688049641,0.8960021395783652,198.720887382836,4.789317733215312,-0.04530375794548956,6,27.711971044540405,71
275.5958643508471,395.50910636250813,-261.1763750392397,-7.24342519408201,-0.2908606746011233,-0.060911599019037505,3857.666298809597,1.0040456065549512,0.9985418954191119,0.9973864013608618,1.0069962156019556,0.9782246638011847,9.773686512371206,14.1153833049387,1.7354620478051075,0.7296645600743148,10322.98802673079,1.0729715673783708,-7.935491503991209,-0.2293189314335919,-0.10472851801991309,-0.1214350808765879,0.0818796069437824,0.00023936895904718013,0.012929553877100375,0.1354238650569734,0.520973253551242,0.22657291144982944,0.027108196211038337,True,True,True,True,True,True,True,True,67.08530421011659,259.4445971062579,1421.8551921548283,319.07703357009694,265.88459710625204,324.0931962400564,283.4045971062361,109.32561770257051,False,16.444304424954666,0.8397216656559879,217.5894596635095,-17.223470570825732,0.007336680803875309,6,27.79014539718628,72
12.564355608016674,-219.9357952663356,56.91811425613382,-0.1293876810358806,-0.7267996399658154,-0.21039821647619422,1728.6328990078998,1.0059481100264382,0.9984697412379379,1.0036680166401764,0.9648465459551099,0.9968169013526166,8.964909607558635,22.292592504381695,1.1864942225929211,-0.4783140358191598,11050.243934574972,0.8613557746729807,-7.049848515419379,0.004903929264162121,0.17146348662425154,-0.36903122850716713,0.23803753786487117,9.88314448090898e-06,0.011220932872561207,0.08074593016787174,0.5432060921164581,0.22762683455712937,0.03146754856339117,True,True,True,True,True,True,True,True,65.75621365481007,257.4868942201525,1444.6380827631745,321.3445984614066,263.9668942201466,323.96419130544325,281.44689422013073,108.31639743335742,False,13.772717823088783,0.760628135869564,221.22813644124773,8.477741985336475,0.08142728851595221,6,27.199809074401855,73
-86.91885004730818,-729.5771941356464,62.99516633244974,4.525384189795919,0.16042482316230358,0.03976679848807395,5663.449102597944,1.0063226990466902,0.9857823635065542,0.9979176303889609,1.067906054793363,1.0135487761386417,9.552725371510451,54.456293483428944,5.043642312918163,-0.3675178458692955,10370.671968443043,0.9957421378955555,0.3929935305751869,0.2629613674886477,-0.17793229484081433,-0.009155811033819624,0.48230781194148586,0.00019652378328793092,0.016296842589525795,0.11149851232503817,0.6325190575127206,0.21715826637009983,0.023399637727667726,True,True,True,True,True,True,True,True,71.11330310486093,263.5584853330517,1303.8331202331567,295.0650893832031,269.65848533304614,324.33291202708665,286.8584853330305,109.99372089731834,False,15.456154950361187,0.8621498272653516,207.52529770063853,12.262254021278777,-0.07851209390331718,6,28.11793065071106,74
-339.0357642467496,532.1293738814384,485.7074414025699,-17.769866393260752,0.16200626209498994,-0.12669834810315092,5877.532882543897,1.000962105588841,1.0113205228841418,0.9843713473747422,1.0795226148958013,1.0100016573837958,10.409082473791004,18.348013724314043,3.8887663125622582,0.40835502600542295,9641.4662925556,1.028306858800999,5.4225758046498305,0.09623376291987498,0.00775957888797682,0.1269757956737439,0.08261267037927979,0.0005027226288190796,0.009636820613962982,0.17993267971862686,0.4106895326553245,0.21796448715002803,0.024863063268773883,True,True,True,True,True,True,True,True,68.26842954856592,263.61492857231536,1294.0419262244957,294.7851663912143,269.77492857230976,324.54557161475014,287.69492857229346,109.69139627963672,False,14.69630792053957,0.7708042531616744,180.60988632605986,10.445877402518033,0.07642189202448514,6,27.24233889579773,75
-882.6101576514246,973.819071717309,1.3803183263211696,-2.0378186112454775,-0.7355576171924452,0.0838414447294775,267.28956308737014,0.9994041558133604,1.0116953814729388,0.9988089655399074,0.9652930719427167,0.9864905947741013,2.960700641753655,44.19139306211328,4.25982278259235,0.03627047145180817,9942.651169370802,1.038847420085154,-8.799078538477328,-0.40235130850517287,0.10806566853978544,-0.2486843059121653,0.1986978408928221,0.00022796235998002407,0.008391890354971565,0.009713908608776101,0.40404047626576745,0.17070668091314434,0.10935909232859367,True,True,True,True,True,True,True,True,63.24800197035779,257.6087283882579,1430.5731108596792,323.62875900121344,264.068728388252,324.6055293051796,282.02872838823566,107.84757484657997,False,19.352895518122494,0.8303910139576554,240.90620815911257,11.228411982620937,-0.07513621825413923,6,27.54750943183899,76
375.8982329177281,128.62159249126583,397.8252999289871,-11.001355537243057,-0.05133104552031647,0.2997146168205104,9.996782075436165,1.0014097793369707,0.9930131956401517,0.9994045306486617,0.9200973812361644,1.0036032920498155,3.615844291951384,46.21158681227131,2.11653208684049,0.167074358718035,12292.40384196646,0.9273984902299023,-1.4030022341903199,0.19856494004856906,-0.11603534192998329,0.03732790472890796,0.2361131247003499,0.0002585792713730173,0.015546115737464561,0.008075850595592725,0.5366328935615787,0.16761427466979267,0.08400503559556549,True,True,True,True,True,True,True,True,65.61634562015874,258.517627721539,1543.1532056108847,341.3647546587083,265.2176277215329,323.5773733177496,282.65762772151703,109.85523823074772,False,17.493154360966123,0.7640320704448117,256.0103619264431,-11.085280830059174,0.027595374540098073,6,26.980529308319092,77
-750.3347013909193,-1025.4101277779043,-89.63522439285657,12.284208122801513,-0.3197516954437378,0.10670227655479311,4365.283000463717,0.9973259433089072,0.9842747174999756,0.9907870064575758,0.9734061253028621,0.9666917341152519,6.375513057823259,46.75619661448805,1.543777015163865,-0.42294271466221,9135.910667487926,0.8872046976494331,-2.4670067019133928,-0.08971936714359663,0.04132459347531248,-0.02356591702396703,0.2370980919297012,6.961266343630958e-05,0.012041472814289023,0.04519296299232132,0.6036233518092345,0.23778843571329925,0.039965628753399755,True,True,True,True,True,True,True,True,64.45855415091701,258.21889528569767,1481.7885868593635,328.1549665290836,264.7588952856917,324.14652086024245,282.058895285676,108.56069050912066,False,12.837725385838091,0.9053304190960668,213.01465614671042,-3.1364667073252406,0.014295088788888818,6,27.27580499649048,78
70.70973667027208,-2325.3713748742866,39.471019464671244,19.02907462274168,-0.22671914918429642,0.04330130946758491,-11378.68201860876,1.003204953596975,0.9988683159027111,0.9932487743240789,1.0063298355138848,0.9844351904851685,3.9859565724414194,10.148082442971344,1.3306037459611546,-0.64402430893739,9600.553150506921,0.9337298591644736,9.614730970332886,0.17082028218756654,-0.027325583337832755,-0.09682669808858053,0.2409000504929218,0.0002611779964589948,0.012076433661590613,0.014634644262441272,0.5171593412277147,0.1603467836591627,0.0825477733668465,True,True,True,True,True,True,True,True,59.206994277141376,263.45995431117376,1353.308523687416,308.4015763463172,269.5999543111682,324.3345576260616,287.1399543111522,110.92003800214763,False,12.86961262501115,0.7815333931942192,211.56055809591743,-2.533667747629694,0.00691398663887242,6,27.5759015083313,79
563.6773808212112,97.6039924954402,-156.75503591686942,-5.292723066998932,0.0366376572928482,0.006253872056599737,-7209.893678200065,0.9974174462891958,1.0091462405398686,0.9908777713496593,0.9905222244230361,0.9781398952327774,3.1284453760313355,9.211892780222847,1.5478767859631235,0.5373225379100071,10651.006477988656,1.0671228011613698,-3.873259281310315,-0.015145154937660475,-0.005138752347364055,-0.035729184950852345,0.07206908095776465,5.994682755940196e-05,0.007896867128707186,0.00346504839286601,0.41383035318098027,0.08210807239440276,0.056160819692400755,True,True,True,True,True,True,True,True,61.52034235196025,262.7489838411371,1408.412346438111,317.9147461753999,269.1089838411313,324.5982211706555,287.028983841115,111.318249268213,False,12.063667576993646,0.8464320874668418,218.74259573776197,-6.197657759617275,-0.012420536811082504,6,27.351956844329834,80
-288.4981856887668,313.8190201071218,-81.95790328835578,8.928558163229553,-0.3872550307566977,-0.1031577587652272,3143.9814680515155,1.0085497197700604,1.0226764420389924,0.9931285531204511,1.0035209563663645,0.9686346582228418,8.097004276562679,40.95528733301299,0.46539900866251027,-0.08350535106401369,11045.175660228648,0.8783281581613593,4.210634795688164,-0.1093951489246848,-0.09427312472583982,0.18319859259130214,0.22519001008001377,0.00030911322615917095,0.006288889939128239,0.005336059055390499,0.3874546429547191,0.19639363116744518,0.1028829508272089,True,True,True,True,True,True,True,True,62.448539441476335,261.15509015547605,1408.5357559045972,315.4917621016135,267.5750901554702,324.70286833190414,285.6350901554538,109.86155824357526,False,14.898202449738667,0.7603207489022505,228.87307995725516,-5.612335705111203,0.0406203822729321,6,27.167417764663696,81
-458.8767687087571,2809.568970096392,-75.23074182739919,0.7201764191705222,-0.6476705922330176,0.28434862635460656,1053.3343886231014,0.9943928447699137,1.0146235526347336,1.0053946315456879,1.0047719519243867,0.9350299823134047,11.060219810850844,29.610394826180467,2.942544702641908,0.7260220442349532,11252.882318004407,1.0301552306812904,5.077576082414648,0.18658344680048602,0.04948597845601875,-0.22446709146326094,0.1920067534008552,0.00019728822888384184,0.007208156479379113,0.186173950896267,0.3550635835446016,0.2105826514665187,0.0205634028164832,True,True,True,True,True,True,True,True,64.22789032384223,258.10359408514597,1481.6562518500646,333.00303484489353,264.7635940851399,324.71921735706337,282.9235940851234,108.69676402487654,False,20.494851476594615,0.7652216868336963,243.80245347119148,16.438694278831836,-0.11586846230251074,6,27.635855674743652,82
-829.1677827911226,-7.904515373236348,45.64039971807604,-3.007645848467349,-0.9260809277006008,-0.054283018345621444,-2215.0607662073367,0.9998014685882651,1.0044245460496972,0.9979704882476222,0.9795175535815999,1.0024627743534522,2.768149503934294,54.347511174855605,3.1429099190751075,0.40227017574469204,13248.650957006135,0.8047184469951751,-9.869169349294818,-0.054550905042504,-0.024678734091292363,-0.09391190423751158,0.0836568690046075,4.2078136928968685e-05,0.00841371361138954,0.0037572764345477562,0.4654731914466514,0.07007214722979413,0.0400948449258032,True,True,True,True,True,True,True,True,63.404331107128804,257.3761274724801,1387.28778709796,314.36182202555335,263.69612747247436,324.234487105574,281.4361274724582,107.31751369813726,False,15.107982537863226,0.8255595768343947,211.2393747846912,-15.990936630552826,0.01320288031742129,6,27.381500482559204,83
136.90192266175976,-7.116855128515772,28.362823865322035,-4.621270751724456,0.3321768371199656,0.15543980716518666,3846.1810401856405,1.006108643331088,1.0064455841198399,0.9941357171508833,1.0336897196833879,1.022947458878972,11.827453218144097,59.102801803252255,5.693237000135143,0.46880156379392957,10345.652503614028,0.8882672397948725,2.0730814251335152,0.08066371565858783,-0.04347140973409719,-0.35128156460240045,0.597026651724077,0.0005342413122500051,0.010592915988070217,0.09692687132644291,0.47928658244442746,0.20324405144996988,0.03464197040800066,True,True,True,True,True,True,True,True,68.97520089777953,264.68716642284187,1317.869531961008,295.87150875018784,270.88716642283623,324.7424725472652,288.58716642282013,110.96543821288357,False,15.662336751079604,0.8549567970698568,207.4079483006536,-7.823970306537828,-0.054983657083079854,6,27.867781400680542,84
289.3308169075833,87.96289633100199,36.59748786332403,-2.5870590168573013,0.7391394678580296,-0.15011536395211275,-7486.865850472684,0.9934485162511728,0.9796227149226528,1.0002179681683552,0.9440847091396728,0.9897453303995222,3.796337488040582,10.620084667280462,4.1209707235052235,-0.35338041502086914,9324.733896049718,1.047512806734801,-3.45966848087305,-0.09788679379396314,0.00183091892125427,0.14649233795014877,0.22363463841445647,0.00022898011824122814,0.013863346531692855,0.011283794095485234,0.6089729453607902,0.160615076792202,0.06497730583891036,True,True,True,True,True,True,True,True,65.66346908144664,262.70572623550584,1517.1780191239138,335.5182482138646,269.28572623549985,323.72182992415026,286.54572623548415,111.91893370399409,False,13.537798104473485,0.8353445601811655,242.89913048745993,3.5514594046467733,0.03667999496730515,6,26.9077730178833,85
-84.32587670022632,1043.7433977204944,65.56281170901616,-13.969620577511314,0.32780903058569133,-0.18076843707270634,786.164217180967,0.9989548387198629,1.0067852395140002,0.9975281455369196,1.0117784935319947,1.0232515831071853,7.91983493084537,43.48900933481238,3.7663097163989994,0.7118038106596538,11470.318018308884,1.072982878901553,9.044572710413854,0.235418844993501,0.17068313997350415,0.048314245986400134,0.06848238416903406,0.0004857821996776294,0.007229780804436814,0.07734254313486064,0.4467361358083157,0.2319858331496714,0.010900109893040553,True,True,True,True,True,True,True,True,68.73157858318051,263.3061562233608,1362.1497118568525,306.8616860438205,269.62615622335505,324.3397013777763,287.44615622333885,110.53073238891395,False,13.688523818581377,0.8003987232516745,183.55472204179176,37.331624552786785,-0.004522237811645613,6,27.693485021591187,86
712.6644717351528,-1626.0844886265165,120.80911192603332,14.221063499235564,-0.228404990369332,0.016907905108341576,998.1750895575726,0.9921939853890556,1.005428582244776,1.0068300845028446,0.9608410069142417,0.9696820644957217,2.9467924657134192,2.553109058806591,1.4048594189559471,-0.07085170807625718,11069.651595273004,0.9550029618135351,-5.378679793226162,-0.33464884180077836,0.044456027996106914,-0.17725995490578622,0.041588806765502265,3.6222548091772e-06,0.009860185255092802,0.0037086636765146026,0.39960306102795085,0.0592644857980327,0.03101419811921725,True,True,True,True,True,True,True,True,67.09280925862474,260.6996032467433,1539.3952352276763,337.4029955917931,267.4596032467372,324.3011853268054,285.39960324672086,111.17727069213456,False,11.165445193422999,0.8014649891614982,229.35339845929138,-2.0328553613579317,0.02714083256771846,6,27.264352560043335,87
-277.28620282022354,1071.3045389296155,100.48949062587036,-1.3002606149848983,0.3095525092324263,-0.19348532606445648,2177.2916797870894,0.9960978327267778,1.0050982070777612,1.0036790584768753,0.8541420059651467,1.0317414854269364,7.376840930259469,25.035216591521174,3.592989104905967,-0.544155610539008,12698.850132830752,0.8906262938283329,5.1345287316030985,0.005395016787838422,0.024553721747745092,-0.07830608474978781,0.005347580465753197,0.00041695284051114777,0.01002520350388636,0.035182757432268306,0.4268043514427434,0.23212838889647996,0.01404613270211724,True,True,True,True,True,True,True,True,65.19663561350667,259.4427324188249,1676.0461741817342,366.5552837510659,266.5027324188185,324.0299545412889,284.34273241880226,110.73136151252244,False,19.810778916547264,0.8293723693466855,275.025732582878,5.913611898973821,0.061474973360319235,6,27.62948513031006,88
-960.7522652743191,1128.9911009620173,-9.18368317371489,-11.923953304424336,-0.29155753615134555,-0.16953739018360686,-2017.9605925966703,0.9956840716882787,1.0129350996845936,0.9909993392124905,1.0802114552342508,0.9991121402795483,10.220666193030224,14.501975878867857,3.8871592670490025,0.6702124354298633,10289.47004573897,0.8772084449308157,-10.901831043690944,0.14437086680975475,0.12207130162713971,-0.28652685564600777,0.08475645598186927,0.0005060753640752792,0.00806258106628377,0.19825410560391027,0.3716067345578139,0.21853799248161657,0.0201365565027834,True,True,True,True,True,True,True,True,65.03420252356008,262.56862354772113,1271.2540758719058,292.82801514996737,268.6486235477156,325.2694221873706,286.74862354769914,108.61021670945583,False,16.457755043999686,0.8402910687769996,198.47535650214175,-17.724758781046756,0.005813275354856018,6,26.790967226028442,89
-189.83823542408655,-1802.8561964178825,-125.36014467792005,-9.091028886033559,-0.4356080360129071,0.3334938502650256,-3269.81566818461,1.0010765131497075,0.98975471087087,1.0060537522901198,0.9398651707049485,0.992363569710262,1.390786383830993,53.105579293608045,3.074143858342485,-0.5629121927745891,9763.450669207105,0.9265612242608698,2.425469342485563,0.009401927861595126,0.04089516816588869,-0.29606638272371577,0.236014666831452,8.887041392911465e-05,0.01328689668646632,0.008501521785386825,0.5753075317903131,0.13082682643521565,0.0765828985171974,True,True,True,True,True,True,True,True,66.13473468453813,256.92589904340576,1514.0626664530046,337.92236510094506,263.54589904339974,323.7309541656422,280.90589904338395,108.46309529791247,False,19.60897792938166,0.8649476960330545,260.9530108945905,-4.875197114392314,-0.0798528447250231,6,26.79138970375061,90
119.19418741871264,-88.6139452531673,-71.74305557699302,7.96544030519997,-0.11791712190709068,-0.0511162146376562,3849.284465276773,0.9905341441938095,1.0021727315822861,1.0105005521840582,1.0244334262233654,1.0045500020943945,9.723630663281597,22.670258651569437,3.3328602260050735,0.1468939491062441,9109.156958229058,1.019838116062644,-3.8360853426532016,0.017448338314687666,0.28276444716180843,-0.2233927013368673,0.09987288255694214,0.0002531032098179427,0.008128968773519318,0.11788708139826844,0.4250842930682325,0.22012533605935902,0.020794681742488594,True,True,True,True,True,True,True,True,72.1442914949,262.3475874089063,1384.75423974556,310.5122930734258,268.76758740890045,324.4109496784707,286.6475874088842,110.33746821543926,False,15.619823011395367,0.7706829338639779,218.33547325754398,-3.4081312358447837,-0.012600183565145905,6,27.575328588485718,91
-403.14091034234207,-1360.2434375921744,65.12083768148268,5.453232619670604,0.11583022211825873,0.16086174878811096,-457.70009709103937,0.9973458908593518,1.0221415261579192,0.9969869934676433,0.9667061144439781,1.0115735952920029,1.7609187984918298,20.177149825641703,6.205571932416818,-0.7599034221924892,11262.539657621921,1.1188784114353874,3.1283778579807695,0.014644606180121252,0.06533515622762612,0.0506395709395938,0.03737066297230656,2.699869328381916e-06,0.004950413134622522,0.0018426218494602834,0.3283174993663515,0.02643798135011778,0.02001820310970554,True,True,True,True,True,True,True,True,65.24773052048283,263.2339542825932,1428.2999562620985,318.1349814248447,269.73395428258726,325.238621255016,288.0539542825706,111.05397556285925,False,11.909744832705671,0.8852692318080673,198.66074074925396,6.440190136446723,-0.04687609242812543,6,27.406311988830566,92
-632.270995973957,1777.1828402577244,109.79956139436545,-0.10196115625046132,0.7951094028108897,0.02654963063827343,2383.0148366198996,1.0000734006994485,0.992100136461324,1.0008661990277739,0.9965100607118931,0.9644406848337547,5.3790282546449255,16.769242414211377,5.375110234081351,-0.17296121783634089,11653.61645530117,1.130824660687991,-2.4673410457693787,-0.004680512517338663,-0.11005001933699816,0.09697507321784643,0.15599660111982325,0.0,0.01518463019469607,0.010532832097486004,0.5374812456606035,0.15098143302125494,0.05984540346028822,True,True,True,True,True,True,True,True,68.80204374108155,262.87166162332943,1482.7883208227506,326.98216353900057,269.43166162332346,323.796166481273,286.8716616233076,111.13355378118011,False,12.668944420470856,0.7907483601981987,226.05363156815068,14.041429137751043,-0.013816446477437091,6,27.33685803413391,93
329.742107125948,-396.9138412377916,18.958025581023907,7.368365309200512,-0.23127785816229007,0.16609248074973398,3300.187458951674,1.009582224383677,0.9923656068268933,0.9908056716576761,0.950283244575244,1.017611801774625,2.5659698553359735,54.00547668862096,2.152935305539306,-0.7241695003410739,11473.001119872264,1.11589495823769,14.287192115699325,-0.16561631285108053,0.049098807093063176,0.15377328713130878,0.6197870419965833,0.000923579088157494,0.016775881071694698,0.0835856166427283,0.594862250977682,0.08806548411266339,0.32165743665440416,True,True,True,True,True,True,True,True,63.58496980756324,260.20336285163444,1409.6302550558644,320.4731987648012,266.4833628516287,323.87146070157564,283.763362851613,109.84545534755438,False,19.444014332227603,0.8587630128832824,259.56585226101345,-32.061180654877795,0.036770261752661855,6,27.132051467895508,94
183.22557328577523,583.1081356577431,-82.14329481592655,-18.102133210868164,-0.30135968151511117,-0.18214920684979155,1898.4379030699183,0.9984548881740187,0.9982712891755656,1.0064303378815955,0.9983831440652392,1.0141518383473263,3.1748913338551397,2.3736125034115085,0.6801513001852183,-0.40801599792345,10369.530843030227,1.0056496691993233,-6.430650183543954,-0.2411674294025026,0.2870599903326082,0.04547708633762883,0.08444789498254004,1.5579907034325894e-05,0.011550003765805172,0.0015601651664334574,0.49212869829464856,0.050630657489970574,0.04691496936305478,True,True,True,True,True,True,True,True,70.97441933785832,259.3396984865895,1394.810867241124,309.88405690164296,265.7196984865837,324.1242016740136,283.33969848656767,108.84696217297899,False,12.763010895695995,0.8422084357607658,211.0226855325898,2.282474596365815,0.040852744876273106,6,26.871424436569214,95
-17.23743251731644,53.75256299050202,-359.3346676765632,-9.151246594795012,0.20363194686773425,0.06450978823262397,3885.364794954491,0.9995235710649303,0.9953202368667571,0.9958043701044367,1.0233909891454829,1.0052027726171437,10.131268290989334,53.73027463181306,2.729096814633677,0.41920716209408715,13031.993643979393,1.087082277036664,-4.022633151124068,-0.19227915273329343,0.02640800841662249,0.17040120422674535,0.038373221955918586,0.000406713606362784,0.010363634858421733,0.1500321390079211,0.5310278049832312,0.22538918705542751,0.03289592075265879,True,True,True,True,True,True,True,True,69.7378682390265,262.04731567591705,1371.5500759795905,310.6342206344052,268.3873156759113,324.0198442603666,285.90731567589535,110.04324418627996,False,20.455863764312497,0.77655907231904,228.14673256792244,-9.091904836707645,-0.0605540123289341,6,27.128509998321533,96
-904.072023435373,1543.4928560145534,42.77645511871028,-17.144858954961215,-0.35690974860935554,0.12864571539497138,-5236.435731919052,0.9960092332112258,1.0021138647504826,1.0026030328803592,1.0248171517170366,1.0242996811885052,3.1825614733507916,23.56410072610518,2.670998611377431,0.59597855730534,10351.704852638195,1.0215098135819036,3.8626990379138038,-0.0466128051888155,-0.08534356988652117,0.2334803100521611,0.10974391929173971,6.879105987123342e-05,0.008262893332556587,0.0011680024675711665,0.46024383386968615,0.11227820947077441,0.06452829797530678,True,True,True,True,True,True,True,True,67.30592477017181,260.6651420948584,1310.2930060449366,298.8701116369077,266.78514209485286,324.22622638359854,284.5451420948367,108.11512122938692,False,12.585398998034952,0.7663086138688076,203.97768595462034,4.221022896718609,-0.026010686668082712,6,27.556044578552246,97
277.5728409724155,44.2170029001831,-134.85433082350664,0.6767125806270955,-0.014008892447871967,0.03219692996886639,5342.310336221491,1.000490009570497,1.0233784511917217,0.9974797380551235,1.0162044611160024,0.9786985134695205,1.705247110219712,31.587605438100827,1.0680065469134747,0.4998703565925602,11920.810745916478,0.9905034689407328,-1.6608426491950268,0.3677542178567337,-0.08729546309020589,0.07038150318755992,0.027899243394261225,1.6040950469935144e-05,0.005493348283962973,0.004188870695710282,0.3356010905472495,0.026504994207500767,0.04686845033113173,True,True,True,True,True,True,True,True,67.50224461239556,262.6953072202661,1422.458556647259,316.0273946423109,269.2153072202602,325.0359023520262,287.49530722024355,111.03198561460026,False,12.374841186793832,0.7953700901212583,216.44551016043866,-10.42457653039134,0.0030373019172824367,6,26.942394256591797,98
1351.9925536396934,394.2376494420308,-119.9135909964246,-6.942637622480689,-0.47133995726567024,0.15609489264279797,3657.4620397046733,0.99576627953558,0.9892442771385699,1.0014953153812107,1.030047964234995,1.0088675283492705,7.051619695836516,43.083740198055025,2.7812897705895985,-0.5398963289512301,9520.757469014357,1.1301158348652032,3.167107705136746,-0.0607295488155403,0.021227079276080935,-0.010584779073044785,0.30242341924035737,0.00038716916917702165,0.014326779607728213,0.0927512646110408,0.5374809036216612,0.24498728169654288,0.017842850967167218,True,True,True,True,True,True,True,True,70.46609793548332,260.49312277487735,1348.8549255629546,306.0364094921737,266.7331227748717,324.0034257469458,284.1931227748558,109.80617723533983,False,19.359929956332685,0.8695503753864516,231.2177158979152,-15.543989481689144,-0.01241535344365853,6,28.0330331325531,99
302.4966878394367,1247.2114211424503,468.7748747064539,-17.092261039101555,-0.36918829043855406,-0.10269584736242063,-6083.018576447024,1.001675211837687,1.0005169832142862,1.003206857765091,1.0253864225819127,1.0160801827580448,7.8447656709230476,20.340951454395622,4.118372825791167,-0.6377100043898092,13749.256899579315,0.8259497010972184,0.08667314575653665,-0.14180327039711546,-0.1795972079339521,-0.049942177342560935,0.16266819716233819,0.00046406269462203806,0.011119610267201097,0.08657736983881628,0.49671186417696456,0.2343802456935911,0.0069300740855359946,True,True,True,True,True,True,True,True,66.24533557225753,261.127173647485,1323.5832966852256,302.0278968671461,267.2871736474794,324.4027646355915,284.90717364746337,109.26722329522978,False,14.518195218313446,0.8560394100622051,191.15512734809906,-8.459856240208337,0.09216522514322101,6,27.10688591003418,100
